Name,Email
James,butler
Josephine,darakjy
Art,venere
Lenna,paprocki
Donette,foller
Simona,morasca
Mitsue,tollner
Leota,dilliard
Sage,wieser
Kris,marrier
Minna,amigon
Abel,maclead
Kiley,caldarera
Graciela,ruta
Cammy,albares
Mattie,poquette
Meaghan,garufi
Gladys,rim
Yuki,whobrey
Fletcher,flosi
Bette,nicka
Veronika,inouye
Willard,kolmetz
Maryann,royster
Alisha,slusarski
Allene,iturbide
Chanel,caudy
Ezekiel,chui
Willow,kusko
Bernardo,figeroa
Ammie,corrio
Francine,vocelka
Ernie,stenseth
Albina,glick
Alishia,sergi
Solange,shinko
Jose,stockham
Rozella,ostrosky
Valentine,gillian
Kati,rulapaugh
Youlanda,schemmer
Dyan,oldroyd
Roxane,campain
Lavera,perin
Erick,ferencz
Fatima,saylors
Jina,briddick
Kanisha,waycott
Emerson,bowley
Blair,malet
Brock,bolognia
Lorrie,nestle
Sabra,uyetake
Marjory,mastella
Karl,klonowski
Tonette,wenner
Amber,monarrez
Shenika,seewald
Delmy,ahle
Deeanna,juhas
Blondell,pugh
Jamal,vanausdal
Cecily,hollack
Carmelina,lindall
Maurine,yglesias
Tawna,buvens
Penney,weight
Elly,morocco
Ilene,eroman
Vallie,mondella
Kallie,blackwood
Johnetta,abdallah
Bobbye,rhym
Micaela,rhymes
Tamar,hoogland
Moon,parlato
Laurel,reitler
Delisa,crupi
Viva,toelkes
Elza,lipke
Devorah,chickering
Timothy,mulqueen
Arlette,honeywell
Dominque,dickerson
Lettie,isenhower
Myra,munns
Stephaine,barfield
Lai,gato
Stephen,emigh
Tyra,shields
Tammara,wardrip
Cory,gibes
Danica,bruschke
Wilda,giguere
Elvera,benimadho
Carma,vanheusen
Malinda,hochard
Natalie,fern
Lisha,centini
Arlene,klusman
Alease,buemi
Louisa,cronauer
Angella,cetta
Cyndy,goldammer
Rosio,cork
Celeste,korando
Twana,felger
Estrella,samu
Donte,kines
Tiffiny,steffensmeier
Edna,miceli
Sue,kownacki
Jesusa,shin
Rolland,francescon
Pamella,schmierer
Glory,kulzer
Shawna,palaspas
Brandon,callaro
Scarlet,cartan
Oretha,menter
Ty,smith
Xuan,rochin
Lindsey,dilello
Devora,perez
Herman,demesa
Rory,papasergi
Talia,riopelle
Van,shire
Lucina,lary
Bok,isaacs
Rolande,spickerman
Howard,paulas
Kimbery,madarang
Thurman,manno
Becky,mirafuentes
Beatriz,corrington
Marti,maybury
Nieves,gotter
Leatha,hagele
Valentin,klimek
Melissa,wiklund
Sheridan,zane
Bulah,padilla
Audra,kohnert
Daren,weirather
Fernanda,jillson
Gearldine,gellinger
Chau,kitzman
Theola,frey
Cheryl,haroldson
Laticia,merced
Carissa,batman
Lezlie,craghead
Ozell,shealy
Arminda,parvis
Reita,leto
Yolando,luczki
Lizette,stem
Gregoria,pawlowicz
Carin,deleo
Chantell,maynerich
Dierdre,yum
Larae,gudroe
Latrice,tolfree
Kerry,theodorov
Dorthy,hidvegi
Fannie,lungren
Evangelina,radde
Novella,degroot
Clay,hoa
Jennifer,fallick
Irma,wolfgramm
Eun,coody
Sylvia,cousey
Nana,wrinkles
Layla,springe
Joesph,degonia
Annabelle,boord
Stephaine,vinning
Nelida,sawchuk
Marguerita,hiatt
Carmela,cookey
Junita,brideau
Claribel,varriano
Benton,skursky
Hillary,skulski
Merilyn,bayless
Teri,ennaco
Merlyn,lawler
Georgene,montezuma
Jettie,mconnell
Lemuel,latzke
Melodie,knipp
Candida,corbley
Karan,karpin
Andra,scheyer
Felicidad,poullion
Belen,strassner
Gracia,melnyk
Jolanda,hanafan
Barrett,toyama
Helga,fredicks
Ashlyn,pinilla
Fausto,agramonte
Ronny,caiafa
Marge,limmel
Norah,waymire
Aliza,baltimore
Mozell,pelkowski
Viola,bitsuie
Franklyn,emard
Willodean,konopacki
Beckie,silvestrini
Rebecka,gesick
Frederica,blunk
Glen,bartolet
Freeman,gochal
Vincent,meinerding
Rima,bevelacqua
Glendora,sarbacher
Avery,steier
Cristy,lother
Nicolette,brossart
Tracey,modzelewski
Virgina,tegarden
Tiera,frankel
Alaine,bergesen
Earleen,mai
Leonida,gobern
Ressie,auffrey
Justine,mugnolo
Eladia,saulter
Chaya,malvin
Gwenn,suffield
Salena,karpel
Yoko,fishburne
Taryn,moyd
Katina,polidori
Rickie,plumer
Alex,loader
Lashon,vizarro
Lauran,burnard
Ceola,setter
My,rantanen
Lorrine,worlds
Peggie,sturiale
Marvel,raymo
Daron,dinos
An,fritz
Portia,stimmel
Rhea,aredondo
Benedict,sama
Alyce,arias
Heike,berganza
Carey,dopico
Dottie,hellickson
Deandrea,hughey
Kimberlie,duenas
Martina,staback
Skye,fillingim
Jade,farrar
Charlene,hamilton
Geoffrey,acey
Stevie,westerbeck
Pamella,fortino
Harrison,haufler
Johnna,engelberg
Buddy,cloney
Dalene,riden
Jerry,zurcher
Haydee,denooyer
Joseph,cryer
Deonna,kippley
Raymon,calvaresi
Alecia,bubash
Ma,layous
Detra,coyier
Terrilyn,rodeigues
Salome,lacovara
Garry,keetch
Matthew,neither
Theodora,restrepo
Noah,kalafatis
Carmen,sweigard
Lavonda,hengel
Junita,stoltzman
Herminia,nicolozakes
Casie,good
Reena,maisto
Mirta,mallett
Cathrine,pontoriero
Filiberto,tawil
Raul,upthegrove
Sarah,candlish
Lucy,treston
Judy,aquas
Yvonne,tjepkema
Kayleigh,lace
Felix,hirpara
Tresa,sweely
Kristeen,turinetti
Jenelle,regusters
Renea,monterrubio
Olive,matuszak
Ligia,reiber
Christiane,eschberger
Goldie,schirpke
Loreta,timenez
Fabiola,hauenstein
Amie,perigo
Raina,brachle
Erinn,canlas
Cherry,lietz
Kattie,vonasek
Lilli,scriven
Whitley,tomasulo
Barbra,adkin
Hermila,thyberg
Jesusita,flister
Caitlin,julia
Roosevelt,hoffis
Helaine,halter
Lorean,martabano
France,buzick
Justine,ferrario
Adelina,nabours
Derick,dhamer
Jerry,dallen
Leota,ragel
Jutta,amyot
Aja,gehrett
Kirk,herritt
Leonora,mauson
Winfred,brucato
Tarra,nachor
Corinne,loder
Dulce,labreche
Kate,keneipp
Kaitlyn,ogg
Sherita,saras
Lashawnda,stuer
Ernest,syrop
Nobuko,halsey
Lavonna,wolny
Lashaunda,lizama
Mariann,bilden
Helene,rodenberger
Roselle,estell
Samira,heintzman
Margart,meisel
Kristofer,bennick
Weldon,acuff
Shalon,shadrick
Denise,patak
Louvenia,beech
Audry,yaw
Kristel,ehmann
Vincenza,zepp
Elouise,gwalthney
Venita,maillard
Kasandra,semidey
Xochitl,discipio
Maile,linahan
Krissy,rauser
Pete,dubaldi
Linn,paa
Paris,wide
Wynell,dorshorst
Quentin,birkner
Regenia,kannady
Sheron,louissant
Izetta,funnell
Rodolfo,butzen
Zona,colla
Serina,zagen
Paz,sahagun
Markus,lukasik
Jaclyn,bachman
Cyril,daufeldt
Gayla,schnitzler
Erick,nievas
Jennie,drymon
Mitsue,scipione
Ciara,ventura
Galen,cantres
Truman,feichtner
Gail,kitty
Dalene,schoeneck
Gertude,witten
Lizbeth,kohl
Glenn,berray
Lashandra,klang
Lenna,newville
Laurel,pagliuca
Mireya,frerking
Annelle,tagala
Dean,ketelsen
Levi,munis
Sylvie,ryser
Sharee,maile
Cordelia,storment
Mollie,mcdoniel
Brett,mccullan
Teddy,pedrozo
Tasia,andreason
Hubert,walthall
Arthur,farrow
Vilma,berlanga
Billye,miro
Glenna,slayton
Mitzie,hudnall
Bernardine,rodefer
Staci,schmaltz
Nichelle,meteer
Janine,rhoden
Ettie,hoopengardner
Eden,jayson
Lynelle,auber
Merissa,tomblin
Golda,kaniecki
Catarina,gleich
Virgie,kiel
Jolene,ostolaza
Keneth,borgman
Rikki,nayar
Elke,sengbusch
Hoa,sarao
Trinidad,mcrae
Mari,lueckenbach
Selma,husser
Antione,onofrio
Luisa,jurney
Clorinda,heimann
Dick,wenzinger
Ahmed,angalich
Iluminada,ohms
Joanna,leinenbach
Caprice,suell
Stephane,myricks
Quentin,swayze
Annmarie,castros
Shonda,greenbush
Cecil,lapage
Jeanice,claucherty
Josphine,villanueva
Daniel,perruzza
Cassi,wildfong
Britt,galam
Adell,lipkin
Jacqueline,rowling
Lonny,weglarz
Lonna,diestel
Cristal,samara
Kenneth,grenet
Elli,mclaird
Alline,jeanty
Sharika,eanes
Nu,mcnease
Daniela,comnick
Cecilia,colaizzo
Leslie,threets
Nan,koppinger
Izetta,dewar
Tegan,arceo
Ruthann,keener
Joni,breland
Vi,rentfro
Colette,kardas
Malcolm,tromblay
Ryan,harnos
Jess,chaffins
Sharen,bourbon
Nickolas,juvera
Gary,nunlee
Diane,devreese
Roslyn,chavous
Glory,schieler
Rasheeda,sayaphon
Alpha,palaia
Refugia,jacobos
Shawnda,yori
Mona,delasancha
Gilma,liukko
Janey,gabisi
Lili,paskin
Loren,asar
Dorothy,chesterfield
Gail,similton
Catalina,tillotson
Lawrence,lorens
Carlee,boulter
Thaddeus,ankeny
Jovita,oles
Alesia,hixenbaugh
Lai,harabedian
Brittni,gillaspie
Raylene,kampa
Flo,bookamer
Jani,biddy
Chauncey,motley
